<!-- -*- xml -*-

     This tutorial relies on a live video sequence acquired with an 
     usb camera in front of a QR code planar target. The model 
     corresponding to this target is given into the models directory 
     of this package.

     Camera parameters are set as rosparam parameters. They need to be changed
     to be the one of your camera.

     See http://www.ros.org/wiki/visp_auto_tracker for more information.

  -->
<launch>	
<!-- Launch the tracking node -->
  <node pkg="visp_auto_tracker" exec="visp_auto_tracker_main" name="visp_auto_tracker" output="screen">
    <param name="model_path" value="package://visp_auto_tracker/models" />
    <param name="model_name" value="pattern" />
    <param name="camera_prefix" value="camera" />
    <param name="debug_display" value="True" />
    <remap from="/camera/camera_info" to="/camera_info"/>
    <remap from="/camera/image_raw" to="/image_raw"/>
  </node>

  <!-- Launch the usb camera acquisition node -->
  <node pkg="usb_cam" exec="usb_cam_node_exe" name="usb_cam" output="screen">
    <param name="image_width" value="640" />
    <param name="image_height" value="480" />
    <param name="video_device" value="/dev/video0" />      
    <param name="pixel_format" value="yuyv" />
    <!-- rename the camera name topic into /camera/image_raw to match the one in visp_auto_tracker/models/calibration.ini file --> 
    <param name="camera_name" value="/camera/image_raw" />
    <param name="camera_info_url" value="package://visp_auto_tracker/models/calibration.ini" />
  </node>

</launch>
