<?xml version="1.0"?>
<root>
  <!--This file stores intrinsic camera parameters used
   in the vpCameraParameters Class of ViSP available
   at https://visp.inria.fr/download/ .
   It can be read with the parse method of
   the vpXmlParserCamera class.-->
  <camera>
    <!--Name of the camera-->
    <name>Camera</name>
    <!--Size of the image on which camera calibration was performed-->
    <image_width>640</image_width>
    <image_height>480</image_height>
    <!--Intrinsic camera parameters computed for each projection model-->
    <model>
      <!--Projection model type-->
      <type>perspectiveProjWithDistortion</type>
      <!--Pixel ratio-->
      <px>536.98240404421517</px>
      <py>537.41963884658503</py>
      <!--Principal point-->
      <u0>344.09582143395181</u0>
      <v0>235.17921083438094</v0>
      <!--Undistorted to distorted distortion parameter-->
      <kud>-0.26726720925264646</kud>
      <!--Distorted to undistorted distortion parameter-->
      <kdu>0.30810929494420408</kdu>
    </model>
  </camera>
</root>
