<library path="src">
    <class name="RqtHandeyeCalibrator" type="easy_handeye2.handeye_rqt_calibrator.RqtHandeyeCalibrator"
           base_class_type="rqt_gui_py::Plugin">
        <description>
            GUI to perform a calibration with easy_handeye2.
        </description>
        <qtgui>
            <group>
                <label>HandEye Calibration</label>
                <icon type="theme">folder</icon>
                <statustip>Plugins related to easy_handeye2.</statustip>
            </group>
            <label>easy_handeye2 Calibration tool</label>
            <icon type="theme">accessories-text-editor</icon>
            <statustip>GUI to acquire calibration samples and to compute the calibration transform.</statustip>
        </qtgui>
    </class>
</library>